## 1º linha inicia a Estação. ( Formato: EST;Nome=D2;HI = 1.41) HI: altura do instrumento em metros.
## próximas linhas são as leituras de Ré e Vante. (Formato: Tipo;Nome;Descrição;AH;AV;FS;FM;FI)
## Formato do ângulo horizontal (AH) => exemplo: digite (91,4005) para informar (91°40'05")
## Todos os campos são obrigatórios o preenchimento. exceto a Descrição.

## 1st line starts the Station. (Format: EST;Name=D2;HI=1.41) HI: instrument height in meters.
## Next lines are the back (Re) and ahead (Vante) readings. (Format: Type;Name;Description;AH;AV;FS;FM;FI)
## Horizontal angle format (AH) => example: type (91.4005) to enter (91°40'05")
## All fields are required to be completed. except the Description.

EST;D2;1.41
Re;F2;Direta;0,0000;91,4005;1.000;0.845;0.689
Vante;E2;Direta;34,1035;92,5953;0.999;0.956;0.916
Re;F2;Indireta;180,0012;268,2008;1.000;0.845;0.689
Vante;E2;Indireta;214,1041;267,0403;0.999;0.957;0.916
EST;E2;1.43
Re;D2;Direta;313,3039;93,2404;1.000;0.957;0.917
Vante;F2;Direta;88,2529;92,0757;1.000;0.878;0.753
Re;D2;Inversa;133,3053;266,3606;1.000;0.957;0.917
Vante;F2;Inversa;268,2531;267,5200;1.000;0.877;0.753
EST;F2;1.44
Re;E2;Direta;342,3118;90,2612;1.000;0.876;0.753
Vante;D2;Direta;353,2555;90,2630;1.000;0.845;0.690
Re;E2;Inversa;162,3118;269,3416;1.000;0.877;0.753
Vante;D2;Inversa;173,2602;269,3340;1.000;0.845;0.690





